timestamp,run_time_seconds
2025-03-20T13:20:51,0:00.08,5760,0.06,0.01
2025-03-20T13:20:56,0:00.10,5760,0.08,0.00
2025-03-20T13:21:01,0:00.08,5760,0.06,0.00
2025-03-20T13:21:06,0:00.09,5760,0.07,0.00
2025-03-20T13:21:11,0:00.09,5760,0.06,0.01
2025-03-20T13:21:17,0:00.09,5760,0.06,0.01
2025-03-20T13:21:22,0:00.08,5760,0.06,0.01
2025-03-20T13:21:27,0:00.09,5760,0.08,0.00
2025-03-20T13:21:32,0:00.08,5760,0.06,0.00
2025-03-20T13:21:37,0:00.09,5760,0.07,0.00
2025-03-20T13:21:42,0:00.08,5760,0.06,0.01
2025-03-20T13:21:48,0:00.08,5760,0.06,0.01
2025-03-20T13:21:53,0:00.10,5760,0.08,0.00
2025-03-20T13:21:58,0:00.08,5760,0.06,0.01
2025-03-20T13:22:03,0:00.08,5760,0.07,0.00
2025-03-20T13:22:08,0:00.09,5760,0.06,0.01
2025-03-20T13:22:13,0:00.08,5760,0.07,0.00
2025-03-20T13:22:19,0:00.09,5760,0.07,0.00
2025-03-20T13:22:24,0:00.09,5760,0.07,0.00
2025-03-20T13:22:29,0:00.09,5760,0.08,0.00
2025-03-20T13:22:34,0:00.08,5760,0.07,0.00
2025-03-20T13:22:39,0:00.09,5760,0.06,0.01
2025-03-20T13:22:44,0:00.09,5760,0.07,0.00
2025-03-20T13:22:49,0:00.07,5760,0.05,0.00
2025-03-20T13:22:55,0:00.08,5760,0.05,0.01
2025-03-20T13:23:00,0:00.10,5760,0.08,0.01
2025-03-20T13:23:05,0:00.09,5760,0.06,0.01
2025-03-20T13:23:10,0:00.08,5760,0.06,0.00
2025-03-20T13:23:15,0:00.08,5760,0.07,0.00
2025-03-20T13:23:20,0:00.08,5760,0.07,0.00
2025-03-20T13:23:26,0:00.09,5760,0.06,0.01
2025-03-20T13:23:31,0:00.08,5760,0.06,0.01
2025-03-20T13:23:36,0:00.08,5760,0.05,0.01
2025-03-20T13:23:41,0:00.08,5760,0.06,0.00
2025-03-20T13:23:46,0:00.09,5760,0.06,0.01
2025-03-20T13:23:51,0:00.08,5760,0.06,0.01
2025-03-20T13:23:56,0:00.09,5760,0.07,0.01
2025-03-20T13:24:02,0:00.08,5760,0.06,0.01
2025-03-20T13:24:07,0:00.09,5760,0.06,0.01
2025-03-20T13:24:12,0:00.08,5760,0.06,0.01
2025-03-20T13:24:17,0:00.08,5760,0.07,0.00
2025-03-20T13:24:22,0:00.08,5760,0.06,0.00
2025-03-20T13:24:27,0:00.08,5760,0.06,0.00
2025-03-20T13:24:33,0:00.09,5760,0.07,0.00
2025-03-20T13:24:38,0:00.08,5760,0.06,0.00
2025-03-20T13:24:43,0:00.08,5760,0.06,0.01
2025-03-20T13:24:48,0:00.09,5760,0.07,0.00
2025-03-20T13:24:53,0:00.08,5760,0.06,0.00
2025-03-20T13:24:58,0:00.10,5760,0.07,0.01
2025-03-20T13:25:04,0:00.08,5760,0.06,0.01
2025-03-20T13:25:09,0:00.10,5760,0.08,0.00
2025-03-20T13:25:14,0:00.09,5760,0.07,0.01
2025-03-20T13:25:19,0:00.08,5760,0.06,0.00
2025-03-20T13:25:24,0:00.09,5760,0.06,0.01
2025-03-20T13:25:29,0:00.09,5760,0.07,0.00
2025-03-20T13:25:34,0:00.08,5760,0.06,0.00
2025-03-20T13:25:40,0:00.10,5760,0.07,0.01
2025-03-20T13:25:45,0:00.08,5760,0.06,0.00
2025-03-20T13:25:50,0:00.07,5760,0.05,0.01
